model,n_klas,r2_cv
resnet101,820,0.32535761018243314
resnet152,835,0.3938099149481206
resnet50,794,0.3463604464217994
vit_b_16,813,0.4859887816365144
vit_b_32,706,0.42760213500409516
